,Accuracy,Macro F1,Weighted F1
MobileNetV2 + Entropy 1.8 + Oversample,0.6326530612244898,0.48065345968479056,0.6029412366652132
ResNet50 + Entropy 1.8 + Oversample,0.21224489795918366,0.050024050024050026,0.07432144575001719
