,Accuracy,Macro F1,Weighted F1
baseline (no entropy filter),0.6326530612244898,0.4742446242620458,0.5944582634149583
entropy threshold 1.5,0.5306122448979592,0.36380360657587074,0.4768502530221297
entropy 1.8 only,0.5428571428571428,0.3713849367048749,0.4860096579394676
entropy 1.8 + oversample,0.6326530612244898,0.48065345968479056,0.6029412366652132
